# VG Wort URL lock - PROVISIONAL. Derived from the built site, not from a
# T.O.M. export: it records where a mark RENDERS, never where it EARNS.
# No registered_url column by design - see ADR-0020. Gate A3 reads this in
# neutrality mode (does a change move a locked URL). Replaced by
# url-lock.csv at programme SS15, after which A3 checks correctness.
url,code,first_seen,content_sha
/a_propos/,1b0fa7ed30714a48b7aa855c4468901b,2026-08-21,846e949f336144f9
/annexes/competences/,1b1c45416a584feb93e44e2a767feb7c,2026-08-21,b6267a6f8683d2b1
/annexes/erreurs_typiques/,1b20e348f0cc42c89fdca91d45ad1441,2026-08-21,2b0978f42c1731b5
/annexes/glossaire/,1b270a106f4a4ba6832ede51984a98a2,2026-08-21,83e16733f6cdb5b4
/annexes/grille_evaluation/,1b2c58f2d3ae49babff640cf5e55d5ad,2026-08-21,dae4ab1673551c8e
/annexes/strategies/,1b41d7a1f6a749c2a153a60424987b2b,2026-08-21,0e4a898fa88d731e
/bibliographie/,1b79ba4d0a44460bb5deedb7fd477f85,2026-08-21,9d4e2d9128dcb7db
/bildungsplan/,1b8013b174a24109bcfb86721e2e6be9,2026-08-21,d1a73ca2b823f2b8
/programme/,1ba2663038264ad89a7f80ad0a25f6c0,2026-08-21,bc985ef88b4f450d
/references/,1bade19f819b4d6e9db2c34547365e7b,2026-08-21,4efd2d722b942608
/remerciements/,1bb3265dec3c417eb42cf4acbd1f6130,2026-08-21,3814126af0024dd3
/track_e_kl06/units/au-marche-e-exam/,30d51632b61f40f88f0a74b59787aa38,2026-08-21,5d4c88e9aa0c7d50
/track_e_kl06/units/au-marche-e/,1ca3fa38c1684fad94e27f2b16b328f2,2026-08-21,fbd2d85b7dc267d2
/track_e_kl06/units/bilan-portrait-e-exam/,311c4e7086804f098c8c58b5aa49c388,2026-08-21,8a0c578fa218356b
/track_e_kl06/units/bilan-portrait-e/,1d5093755310429da3229944005793a9,2026-08-21,597b4194e1f3af84
/track_e_kl06/units/gouts-et-couleurs-exam/,30cfbb19ea734dfe8836d66b7b1efe00,2026-08-21,da70e2b997f0c12f
/track_e_kl06/units/gouts-et-couleurs/,1c9ad1b4184c402aac2bd735f7b04be8,2026-08-21,78d88d64fad85f61
/track_e_kl06/units/le-temps-et-l-heure-e-exam/,30e5d405c0064612b66963ff20800126,2026-08-21,7b544abbdc96659d
/track_e_kl06/units/le-temps-et-l-heure-e/,1cbd28f22e49412bb639408b6651d29e,2026-08-21,c3d716435081369f
/track_e_kl06/units/ma-chambre-e-exam/,30ec9426b6e945d98496a992c0c3ea1f,2026-08-21,0c0d87ee1b7c759b
/track_e_kl06/units/ma-chambre-e/,1cf1f0ac23dd4b61b4e2f639b9cfb251,2026-08-21,78edaaef6a8d99ca
/track_e_kl06/units/ma-famille-e-exam/,30a7fdee7808486286d9ef9948c8f979,2026-08-21,7fad3ff8bc408226
/track_e_kl06/units/ma-famille-e/,1c1d3a3a981d463c8cb6fa8fbe95f76c,2026-08-21,6c9d2c6bc027fb0a
/track_e_kl06/units/ma-journee-e-exam/,30bddfa716244010af4b59e129927390,2026-08-21,c7f6b1a1a3b13519
/track_e_kl06/units/ma-journee-e/,1c490128d14a4f5e8d06ba951157f3f8,2026-08-21,746f9ca9e1c82916
/track_e_kl06/units/mes-loisirs-e-exam/,31087a959ea34fa18217bc8a560e9894,2026-08-21,12c8a00d4d7f7523
/track_e_kl06/units/mes-loisirs-e/,1d18bbfe5cd943ef9b25d280cafa0493,2026-08-21,7408b853ec2c28a2
/track_e_kl06/units/mon-college-e-exam/,30b23f1b4f054c1ca530891a2f97055c,2026-08-21,69814d5f938493f0
/track_e_kl06/units/mon-college-e/,1c257801ac4440bc94f961eeb455e0cc,2026-08-21,4443cac5a86663f2
/track_e_kl06/units/premiere-poesie-exam/,30ea7518fc2a4e2da5548747a1df9d6d,2026-08-21,22ee3ff7c739814b
/track_e_kl06/units/premiere-poesie/,1cc72e861eb34259885839f78065b5eb,2026-08-21,001ae19056a672bc
/track_e_kl06/units/salutations-et-prenoms-e-exam/,30a7f6ad29dc44168e3fb9783bce495f,2026-08-21,e7f6df9f1e11c841
/track_e_kl06/units/salutations-et-prenoms-e/,1be616bdc20c4f11bb1248ef8af10b56,2026-08-21,e19f1a3852290926
/track_e_kl06/units/voyage-decouverte-exam/,3113bbc94b61488695d2fd4b930f0865,2026-08-21,672f7fe54d828c02
/track_e_kl06/units/voyage-decouverte/,1d1eeb688d16475ab442f3cf2df51729,2026-08-21,caf663267e394f79
/track_e_kl07/units/amis-et-conflits-e-exam/,31ad3e5105584fc7b01ba4968d76a72e,2026-08-21,55bece04543ad044
/track_e_kl07/units/amis-et-conflits-e/,1e0656248c2543458bd60879f45436e5,2026-08-21,799ee68cb46998a0
/track_e_kl07/units/bilan-progres-7e-e-exam/,31fb222af0bc4ecca8ba793692b14358,2026-08-21,f6bb653e40a198f2
/track_e_kl07/units/bilan-progres-7e-e/,1eee4a8671094fd0916e5ebc9152b7b5,2026-08-21,1d1ba126a7b49e4c
/track_e_kl07/units/fete-et-invitations-exam/,31d54d3280694d27960a391eed3b4e40,2026-08-21,bab8128f21633516
/track_e_kl07/units/fete-et-invitations/,1e65d6bab63944249edff767db09f613,2026-08-21,df518345fdfe7a12
/track_e_kl07/units/la-rentree-e-exam/,313e43adbbb44feea0ae5e0be2ab726f,2026-08-21,1fbdf6209cd1426e
/track_e_kl07/units/la-rentree-e/,1d834043ec3c475f803b7de41647b7b4,2026-08-21,3d75d23e9ff7acf4
/track_e_kl07/units/le-quebec-e-exam/,31d0e94c627a4e319de67d09845c00fc,2026-08-21,dd2bd90880094546
/track_e_kl07/units/le-quebec-e/,1e40b081f9184f9da6a41c8ec2521451,2026-08-21,9987b109e2fdd1f6
/track_e_kl07/units/mon-quartier-e-exam/,31a5b3351d4d4dc1a1ac3bb5f04abb83,2026-08-21,385d293183a81e3a
/track_e_kl07/units/mon-quartier-e/,1dd06671a56d426e9b24d4abbb7b52b9,2026-08-21,7f69df4dd9207700
/track_e_kl07/units/musique-et-chanson-e-exam/,31e857ef756643fc8ed40ed3b4208d4f,2026-08-21,32c3e0622a3488c2
/track_e_kl07/units/musique-et-chanson-e/,1e781032ad6346e38de767a94214342c,2026-08-21,28b4c7384288333f
/track_e_kl07/units/premiere-mediation-exam/,31f9a1afa1054d4b998b427fc55d0885,2026-08-21,c0821e9a4d559b22
/track_e_kl07/units/premiere-mediation/,1ee43e55747b4498ad09d2351de24697,2026-08-21,8cd7e196653ef0fe
/track_e_kl07/units/raconter-une-anecdote-exam/,315d50f7003b4d9992a242929464872f,2026-08-21,65a9b08b99c6a341
/track_e_kl07/units/raconter-une-anecdote/,1daae2f35b9c444ab20d81a6f7116593,2026-08-21,727e7e822100d109
/track_e_kl07/units/repas-en-famille-e-exam/,31a68545794c4b1994ddf5034b35feea,2026-08-21,c76943884c2e6ebc
/track_e_kl07/units/repas-en-famille-e/,1deb0c44c1d547e7b08f880286ad8e3e,2026-08-21,cbe434da136e6bb1
/track_e_kl07/units/transports-et-mobilite-exam/,31c6b812b71b4845af94365b9bd25af4,2026-08-21,344c4559cba4a411
/track_e_kl07/units/transports-et-mobilite/,1e19f533d33d4ddeb044e1f61ca0bddf,2026-08-21,4a2b080967c216da
/track_e_kl07/units/vacances-en-bretagne-exam/,31cc5b4329ec4a7d818772839d9e2c04,2026-08-21,866c171eca20ee01
/track_e_kl07/units/vacances-en-bretagne/,1e2fea4751d84155b260e58898e695aa,2026-08-21,b9161b7d275b197e
/track_e_kl08/units/autour-de-la-planete-francophone-e-exam/,3236b91a0d674dc788091b2a64ee0114,2026-08-21,5f0abae02f79ff1e
/track_e_kl08/units/autour-de-la-planete-francophone-e/,1fb08dc97f03485fadf25557ed937604,2026-08-21,b1ca35df1497f688
/track_e_kl08/units/bilan-portrait-d-une-rencontre-e-exam/,32f7b60130ec4e08a945c46ac470b65c,2026-08-21,77d495e802292775
/track_e_kl08/units/bilan-portrait-d-une-rencontre-e/,206f9a723fe34052bcacf73260450d38,2026-08-21,770d8b2508edf4a1
/track_e_kl08/units/champs-de-bataille-exam/,325deb5ad7b342dd909f62f42c5f5e60,2026-08-21,e93660dbe16fb08f
/track_e_kl08/units/champs-de-bataille/,1ff88749bde94842acc2dd69c373e144,2026-08-21,483f731541c4e23c
/track_e_kl08/units/cinema-quebecois-e-exam/,3295e861fea24201a91dcd1c60f80c39,2026-08-21,e1a078c6d2160151
/track_e_kl08/units/cinema-quebecois-e/,201e8a07f20948bdb286782e04a48002,2026-08-21,530723b995a3e5e7
/track_e_kl08/units/correspondance-avec-montreal-e-exam/,321fdae4df6a4c498c6c5f44304773e2,2026-08-21,c13d3dd485806013
/track_e_kl08/units/correspondance-avec-montreal-e/,1f7ac3027cae473aadf7c6a83caa4b2d,2026-08-21,26746c8a7f5396b8
/track_e_kl08/units/la-rentree-en-8e-exam/,320796b113e0484eafd0bebbb899bb95,2026-08-21,82b44d174ec2fc4c
/track_e_kl08/units/la-rentree-en-8e/,1f64fbf604164eb78769d718a93df8f8,2026-08-21,30429d4dca4722c1
/track_e_kl08/units/mes-medias-preferes-e-exam/,3224ba8926b94be48e5cbeeaa8364bce,2026-08-21,8bc3c0612ce25ad8
/track_e_kl08/units/mes-medias-preferes-e/,1f9ede6fc1e1427d9361f798b4c3405e,2026-08-21,a0f87d723315a0a3
/track_e_kl08/units/musiques-du-maghreb-e-exam/,324f5c174a8a466e8dd7f060855ef42a,2026-08-21,1bee762e137bf20c
/track_e_kl08/units/musiques-du-maghreb-e/,1fe85d7bd9394244ad645671223ffa02,2026-08-21,ce49285339c1b678
/track_e_kl08/units/sprachmittlung-de-fr-resume-e-exam/,324b35b8859740f5bc9d77ddbb8e7d32,2026-08-21,579239ba3424fcf7
/track_e_kl08/units/sprachmittlung-de-fr-resume-e/,1fd5bffa9385441f86ade8d3c69fee08,2026-08-21,8685e848188c3fc2
/track_e_kl08/units/stereotypes-et-prejuges-e-exam/,329489a5e65c4dcca8ee6613cbe791f5,2026-08-21,830f4c0a1e899b1b
/track_e_kl08/units/stereotypes-et-prejuges-e/,2010eb80921e4d91855aa088c9666d7a,2026-08-21,4a5aba152d7f6dcb
/track_e_kl08/units/un-allemand-a-paris-e-exam/,325e9d5b9f194a92b4d98ac5fe11a8dc,2026-08-21,d8b46807bc1e3f9b
/track_e_kl08/units/un-allemand-a-paris-e/,20050598d87c43d4a6aa0934538afbd6,2026-08-21,5a55ba8862c0f16f
/track_e_kl08/units/un-projet-solidaire-e-exam/,32bf5ffd461942da9279eb2a2f21943e,2026-08-21,155c2309fa81f8e3
/track_e_kl08/units/un-projet-solidaire-e/,204a2fc573064e68bd8aaa21bd195f99,2026-08-21,a657acfc2b22ec9a
/track_e_kl09/units/argumenter-pour-contre-e-exam/,332a193918cb4c85b4f94b9920d0d462,2026-08-21,efa4ec02b0df7be8
/track_e_kl09/units/argumenter-pour-contre-e/,20fb736bae274f39b7592c310e63802b,2026-08-21,243fd3fa9ae56f2a
/track_e_kl09/units/bilan-9e-e-exam/,33e29c5fc13f4eceba927672b96c2519,2026-08-21,76493c7dda1fec33
/track_e_kl09/units/bilan-9e-e/,2261f15b84f2431891aa92863c4ffe23,2026-08-21,9aeb6af580093606
/track_e_kl09/units/consommation-responsable-e-exam/,33cf9d145bda4378ae19cfbeb1b10aad,2026-08-21,d20e263ed4dc5e1c
/track_e_kl09/units/consommation-responsable-e/,22282941c5f843ccb83894d84d2fef58,2026-08-21,d6adc4a78e8f1e7a
/track_e_kl09/units/differences-culturelles-e-exam/,33aea98cfa344ba8802179a319a2a8a7,2026-08-21,108a8b894cd00540
/track_e_kl09/units/differences-culturelles-e/,21ec2a0dcd8e46a0a33f2bf2e038239d,2026-08-21,2231bfffdc4c7e55
/track_e_kl09/units/ecologie-au-quotidien-e-exam/,3325b624e8e441b4ab1783ab3a29b331,2026-08-21,30643df2be7ae67e
/track_e_kl09/units/ecologie-au-quotidien-e/,20b8b29e7abd41beaf4ed4ba8e1a8688,2026-08-21,211ee715d376b3d1
/track_e_kl09/units/francais-au-travail-e-exam/,33d26db87ed149ff96248fc053f7a249,2026-08-21,1e87cce81aefd721
/track_e_kl09/units/francais-au-travail-e/,224e20a5129b4b1f911f956ddd29d3f5,2026-08-21,8e55316ae896525c
/track_e_kl09/units/harcelement-et-respect-e-exam/,3399a0cea2474604a7ff034e986f871c,2026-08-21,ba2d66580c745888
/track_e_kl09/units/harcelement-et-respect-e/,21cfaaabf95444a28b45212a5d5221dd,2026-08-21,b7bdc76faf2c039a
/track_e_kl09/units/internet-et-vie-privee-e-exam/,33bb8af9322541018ce338de5014fca1,2026-08-21,2915cfb6834f2283
/track_e_kl09/units/internet-et-vie-privee-e/,21fa0a9be3f14b0faced0416c84d7c37,2026-08-21,7013d7ab81d8a293
/track_e_kl09/units/le-monde-du-travail-e-exam/,331686759e2e40c69acf4b5f5bb4efd7,2026-08-21,aaa5e5f0a8968514
/track_e_kl09/units/le-monde-du-travail-e/,20a704d960ef4074a205f68f20c5bd67,2026-08-21,8bc403aaadba0c38
/track_e_kl09/units/le-petit-nicolas-exam/,334ccd3344bc40e99cad39f92a920565,2026-08-21,fff9d531f39c6a5e
/track_e_kl09/units/le-petit-nicolas/,2130a38685a04ceb939fd6540e22db5e,2026-08-21,891b5a9c7aabaca7
/track_e_kl09/units/lettre-de-motivation-e-exam/,3319af2e0eed4e77a8dcdb2866fe6d44,2026-08-21,f91395f7667c1ad4
/track_e_kl09/units/lettre-de-motivation-e/,20ac93c452764ba0b60c412e529b2ee9,2026-08-21,d3beb47a34bdbf8d
/track_e_kl09/units/podcasts-en-francais-e-exam/,337b29329ffd4cbda2e7e47f262ae773,2026-08-21,452d4c27f12918cb
/track_e_kl09/units/podcasts-en-francais-e/,21944f6b3bb94fd0a5f3a09700da05b0,2026-08-21,5914c4069d3ce141
/track_e_kl10/units/bilan-fin-sek-i-exam/,34847217f89a438e885a182feda9ff4b,2026-08-21,7a49e76f9093a43a
/track_e_kl10/units/bilan-fin-sek-i/,23ac70699a38474b837e7dccc6b0e306,2026-08-21,7ce4b24d79e991c2
/track_e_kl10/units/engagement-citoyen-e-exam/,3450ebbc7ea044fcb23528bd98e94560,2026-08-21,297a595856b522ac
/track_e_kl10/units/engagement-citoyen-e/,2333fa6f03aa41a1ac94461e646ad7e5,2026-08-21,a79cf5d3ec6722f7
/track_e_kl10/units/extraits-romans-jeunes-exam/,345ae605f26c4490b1767820bdd180d0,2026-08-21,c86c7dc8165a2a03
/track_e_kl10/units/extraits-romans-jeunes/,23514fe6ce47467495aafaa7bf033489,2026-08-21,fc48a6afd807e4cc
/track_e_kl10/units/francophonie-aujourd-hui-e-exam/,340eab80af8c4ef8b7fcea8c4bb12339,2026-08-21,8fb95cea9c062ae9
/track_e_kl10/units/francophonie-aujourd-hui-e/,22d2e7f4eb3a4a25b791dfd47c01ce00,2026-08-21,6713e102f4e49a46
/track_e_kl10/units/mediation-avancee-e-exam/,34109cba81484a808d10f01e7a923c41,2026-08-21,8e5a9b7b42a327db
/track_e_kl10/units/mediation-avancee-e/,22f48257bcbb4d93a4e72c93acea5641,2026-08-21,38d03e95e661ede2
/track_e_kl10/units/mobilite-erasmus-jeune-e-exam/,346beec4b5fd4c628decbd631bafada4,2026-08-21,a88d72c3511596ca
/track_e_kl10/units/mobilite-erasmus-jeune-e/,2369166e6e5040b2a16f0a6d67bf2448,2026-08-21,62d8c3c94803db9d
/track_e_kl10/units/premiere-analyse-poesie-exam/,340f1491dcf342c79cc8aef702857a3c,2026-08-21,581a910c7cfaa659
/track_e_kl10/units/premiere-analyse-poesie/,22e9489ab4f644aa983aef5fb1ca54c1,2026-08-21,a13cbc40806a247c
/track_e_kl10/units/preparer-un-discours-e-exam/,346cd1208e0b4d0683a76dddd465b255,2026-08-21,9e34fc6fbc28ebcb
/track_e_kl10/units/preparer-un-discours-e/,239e2e3de4544e8f9c244e8b18affaa9,2026-08-21,5d1d47728d87a61c
/track_e_kl10/units/presse-francaise-e-exam/,33fee803c6094df385f8ae8983de1feb,2026-08-21,9c5cb7481f07761c
/track_e_kl10/units/presse-francaise-e/,229e50e5b0024e609ceabe56f1477100,2026-08-21,b18ddff808d7ca08
/track_e_kl10/units/reseaux-sociaux-e-exam/,3455e6e4913b429fb47cfbf8d0a9943b,2026-08-21,513b7e8213271871
/track_e_kl10/units/reseaux-sociaux-e/,234bfe269c74485ab77d909071ff7d09,2026-08-21,72a6c924739c68ad
/track_e_kl10/units/transition-vers-la-kursstufe-exam/,33f4b3384762466783a0451b6701345b,2026-08-21,572a321850978670
/track_e_kl10/units/transition-vers-la-kursstufe/,22942b64b98d40d29abf04097c686e70,2026-08-21,7408ba067893ed35
/track_e_kl10/units/vie-democratique-e-exam/,3409d483da68404bb33a05eaabfa091b,2026-08-21,4df92fcb7f0804dd
/track_e_kl10/units/vie-democratique-e/,22b2a1b5245242d790aa01932d2f47f8,2026-08-21,ed10a69f303cdda2
/track_e_kl11/units/argumentation-structuree-exam/,350cdd3012474794bb19e1a97a59999a,2026-08-21,8098ec4bd5869d7c
/track_e_kl11/units/argumentation-structuree/,24667e913e7041b598a105d378da2365,2026-08-21,10a0bb5a0ba71256
/track_e_kl11/units/bilan-classe-11-exam/,354387b669fb49b5a3d50efc566fa608,2026-08-21,8eb8af9010d1e6cd
/track_e_kl11/units/bilan-classe-11/,257c01928409408ba6e7d4a0220decf0,2026-08-21,5f7583837d2d6cb8
/track_e_kl11/units/court-metrage-exam/,34f0632ba9504042a1ad37b47bff695f,2026-08-21,990167698133bbb3
/track_e_kl11/units/court-metrage/,24048dd28d9548129d882baf44bb78ed,2026-08-21,37fe24c0ecfc280e
/track_e_kl11/units/discours-politique-exam/,35430823efdc465e810133c50486b7aa,2026-08-21,fd591c53f6461e70
/track_e_kl11/units/discours-politique/,2536ff12d166404b8dc76a7c04c4e8ba,2026-08-21,8dcad34b9889df2b
/track_e_kl11/units/ecologie-en-france-exam/,354258b755264f4f94b81ac9ebebacc2,2026-08-21,5dd5b3331fd64bc0
/track_e_kl11/units/ecologie-en-france/,24d65356ca5c4a9cb8e69931c102e475,2026-08-21,ddd0b2f861524917
/track_e_kl11/units/ecrire-sur-soi-exam/,348d71a011174c8b8bb3e880df06c494,2026-08-21,36537c83b9a33139
/track_e_kl11/units/ecrire-sur-soi/,23bb137c55914bc7b00964ee1179a29a,2026-08-21,bfdc9258ee3c555d
/track_e_kl11/units/extrait-roman-contemporain-exam/,351ff1d31da4430aaa233273f5162c9b,2026-08-21,c46b916aec45aa3a
/track_e_kl11/units/extrait-roman-contemporain/,247b5965bd004d73bc5c70d6285335be,2026-08-21,2678ba6f5eb7e39c
/track_e_kl11/units/francophonie-postcoloniale-exam/,34c185ead43841a894873dc27a14376c,2026-08-21,7f2e671af12634b5
/track_e_kl11/units/francophonie-postcoloniale/,23c1f60ff5304f6994a8e23f1ce1853d,2026-08-21,e88d5483edbc4c96
/track_e_kl11/units/histoire-et-memoire-exam/,353281611f184fd580911e2083f71fef,2026-08-21,d4fb1bc0f57ee9be
/track_e_kl11/units/histoire-et-memoire/,24ad0cc701b249cda11083ad944267e7,2026-08-21,4858f4b0d978fec4
/track_e_kl11/units/mediation-academique-exam/,34f70cf6713241d1a88bfaa04101e95e,2026-08-21,106b841a69e42375
/track_e_kl11/units/mediation-academique/,2440fc3734314f58b767eb45a7218b48,2026-08-21,e6b3fdbbee1ff905
/track_e_kl11/units/presse-d-opinion-exam/,34dd18c21bb1428fb675dd9d022a34d2,2026-08-21,4e8fe3d49a87e972
/track_e_kl11/units/presse-d-opinion/,23e3c50110a7408a847b42333d4c2acb,2026-08-21,77b8d3b3682619c9
/track_e_kl11/units/voix-feminines-exam/,352710260fea4afab999fd3d00592dea,2026-08-21,10264b0d41741b12
/track_e_kl11/units/voix-feminines/,249d1a3fdcd748a180d5d0955d50b2f0,2026-08-21,05b6950ba0d6872c
/track_e_kl12/units/analyse-stylistique-exam/,25dc6085d07e4bc4ac5787975575497a,2026-08-21,efb59ede75c59be1
/track_e_kl12/units/analyse-stylistique/,25cfae4a90814f878f65052554b61b1d,2026-08-21,ec8caf1135debbf6
/track_e_kl12/units/argumenter-en-public-exam/,26bed275b8f444e68bad2c4d0e79fdc2,2026-08-21,65e0085a485bac43
/track_e_kl12/units/argumenter-en-public/,26b48723128f4015959b3675694789e5,2026-08-21,44835814f36f5f23
/track_e_kl12/units/bilan-12e-exam/,26f09051db19441c9df6819f7138a24f,2026-08-21,bb77effa133e2798
/track_e_kl12/units/bilan-12e/,26de4bb7f9b14194bed87b1ba6307bb9,2026-08-21,0a2aebfcabd7af60
/track_e_kl12/units/decolonisation-litteraire-exam/,26123dac26cb4838b13ad1ae3f232db7,2026-08-21,a0c5fe5fb6d96952
/track_e_kl12/units/decolonisation-litteraire/,26116d55a91c4b0d966cc5257832a2a8,2026-08-21,9317755800cc466a
/track_e_kl12/units/discours-radio-exam/,266d8ce9a4a645cc8e6f089cfdf9fbf8,2026-08-21,505c0cf95b0921d4
/track_e_kl12/units/discours-radio/,266cd8bbbc3541d68348ad5f22fa22e8,2026-08-21,bbdcc89502754064
/track_e_kl12/units/etude-de-roman-exam/,265919fc62d94c799a928a00ac2ce369,2026-08-21,70e0843251274441
/track_e_kl12/units/etude-de-roman/,2630bb98f7b143198523c44329149c24,2026-08-21,f7a5bf90f70df659
/track_e_kl12/units/gender-litteraire-exam/,2689e147898249899b5fb845c2c9cd15,2026-08-21,6d8ea29248801591
/track_e_kl12/units/gender-litteraire/,2677307697db44998cb51381d4dabeff,2026-08-21,90733f2134cd38ad
/track_e_kl12/units/introduire-camus-exam/,3553fcaeef994072afbda6c3423d8df1,2026-08-21,f21df753e5c9bdb3
/track_e_kl12/units/introduire-camus/,259e53300da042d5a6daf303c7633722,2026-08-21,3893e7727fde8efc
/track_e_kl12/units/mediation-fr-de-exam/,262602a15f5f4597b47b69add1235c22,2026-08-21,2e442af68887c637
/track_e_kl12/units/mediation-fr-de/,2623e5dfbbf14a188a39e25749b7805c,2026-08-21,0307595f15e3d432
/track_e_kl12/units/memoire-et-traumatisme-exam/,26b0f3a982f248dab9b949e91c67ae47,2026-08-21,c71515217bd29cd7
/track_e_kl12/units/memoire-et-traumatisme/,26a515dd09f9470e924102811aeb3cb5,2026-08-21,ed4067a6d14f0c63
/track_e_kl12/units/preparer-l-abitur-ecrit-exam/,26d03bbd04dc40b9b55eda997d793622,2026-08-21,99597c149508f6dd
/track_e_kl12/units/preparer-l-abitur-ecrit/,26c3e2b4d6e64ecb8b3a2ad19ec8c12c,2026-08-21,a123f319051d748c
/track_e_kl12/units/presse-engagee-exam/,26198eeaeab74a8490658a0fd8254c2e,2026-08-21,71557ca98c26d1b8
/track_e_kl12/units/presse-engagee/,26168bca81d642529c92f8bb458671eb,2026-08-21,057eb18b61e57d19
/track_e_kl13/units/abitur-mock-1-exam/,277b54479b8f43d2b8c46a0519d551cd,2026-08-21,1af68c76148961cc
/track_e_kl13/units/abitur-mock-1/,2770506845c34f75952c62f2129d4c94,2026-08-21,8910931f79ef25f5
/track_e_kl13/units/abitur-mock-2-exam/,27d5344de544429ebeef65510af69d40,2026-08-21,a733e65861256f4e
/track_e_kl13/units/abitur-mock-2/,27ae6ae5ade6488e8aa34c3db2134c29,2026-08-21,5adf09fcd83c5b93
/track_e_kl13/units/abitur-mock-final-exam/,28952cdecb3e4f60b38e2fd4df0f8c00,2026-08-21,45b214112358a6c2
/track_e_kl13/units/abitur-mock-final/,287c79c7c6454b7082d96d769fabfb1a,2026-08-21,855ec16274b1f848
/track_e_kl13/units/bilan-final-abitur-exam/,28af4feae8b447f398125a3e70874767,2026-08-21,9bccb5e20a2f8680
/track_e_kl13/units/bilan-final-abitur/,289e5a33ab96403fab2e00f9d5a08cc0,2026-08-21,5d61d2d4596b4f3b
/track_e_kl13/units/discussion-sur-stimulus-exam/,28396372fbee415ab051e954741edd32,2026-08-21,39e5194f40893b23
/track_e_kl13/units/discussion-sur-stimulus/,283735ce66d5448d8404fc2c773523bc,2026-08-21,61c6153274f49808
/track_e_kl13/units/essai-personnel-exam/,274c4be7c5684b5fa472f70e9dbf4341,2026-08-21,035016689ba0c159
/track_e_kl13/units/essai-personnel/,273deb8fb1a44bc2944804cd4a9f96c7,2026-08-21,a03f1f583606b1af
/track_e_kl13/units/francophonie-pluralite-exam/,27390d0eb6e84ca4b27e0c5e4e7e9d78,2026-08-21,bae54db75242d610
/track_e_kl13/units/francophonie-pluralite/,2738da1a4ff14bc4b7b8cefa2856d73f,2026-08-21,f2e702cfbdb635ee
/track_e_kl13/units/kommunikationspruefung-prep-exam/,28369009e691411283ce354cf1b51b3c,2026-08-21,7ccc8f1b64e5fc48
/track_e_kl13/units/kommunikationspruefung-prep/,2821fac53ec445558fb057d57318b531,2026-08-21,60e0ba39ff8a5438
/track_e_kl13/units/mediation-finale-exam/,27f05f5acb614bdeb722f36d81c2f683,2026-08-21,96504f8fbd1a23ab
/track_e_kl13/units/mediation-finale/,27d62c0470fc4b509bb9c9f65bb6c4c3,2026-08-21,153116017a6707ce
/track_e_kl13/units/monologue-et-presentation-exam/,2850ccbc06d04407ba14f4aeb7378f7f,2026-08-21,48cde95dd3aaf72e
/track_e_kl13/units/monologue-et-presentation/,28482c3340804dee9f552faec15394c0,2026-08-21,dd8975db5d8f0f1c
/track_e_kl13/units/reflexion-sur-soi-exam/,2879d973aa3c463e88753d58756feee2,2026-08-21,5a809e2423a49308
/track_e_kl13/units/reflexion-sur-soi/,286f0ff2bd094220b325d3e797afe6af,2026-08-21,220d14442f8608f0
/track_e_kl13/units/synthese-themes-litteraires-exam/,272d2e5a4aa64386951faff5293a036c,2026-08-21,614ce18971dcc0c1
/track_e_kl13/units/synthese-themes-litteraires/,271dbe5ae8e543ae8440759a3076a259,2026-08-21,c21cd411496a84db
/track_gm_kl06/units/au-marche-exam/,29497cdec75d4a7ca72101358ed0f4c3,2026-08-21,3518380f2d731314
/track_gm_kl06/units/au-marche/,29422f90ffb340368e6ae261d3803471,2026-08-21,b416af70a6c7729e
/track_gm_kl06/units/bilan-portrait-de-classe-exam/,2ab3b278aea54af6b5ce6cedbca50c03,2026-08-21,9377a5018a674ffc
/track_gm_kl06/units/bilan-portrait-de-classe/,2a8d902b5a554b8593e0aadc99a3dd97,2026-08-21,6843e560ae53a437
/track_gm_kl06/units/j-aime-je-n-aime-pas-exam/,291b49b504014edaaaf8d3c93859af58,2026-08-21,a8d8ee68ed0e7dc3
/track_gm_kl06/units/j-aime-je-n-aime-pas/,2911775a1ce1414b849fc64bd9b53ed9,2026-08-21,c5e78ca7a361fe77
/track_gm_kl06/units/la-meteo-et-les-saisons-exam/,2a1be754d41c47c381418c7bfc4b4da2,2026-08-21,fc59bc1a856a15e2
/track_gm_kl06/units/la-meteo-et-les-saisons/,299de8e3d383432a93fa47956b63bebc,2026-08-21,815f38eaf3eacb82
/track_gm_kl06/units/le-temps-et-l-heure-exam/,29920602421a4731b7a9ca8a1145ade9,2026-08-21,5d05628f51db6b61
/track_gm_kl06/units/le-temps-et-l-heure/,2988551bd0a0448ea944a90fd9ef1094,2026-08-21,289485d2a77042f9
/track_gm_kl06/units/ma-chambre-exam/,2a3c32248eea41d2abc7c5856bc69947,2026-08-21,660ac7688beab595
/track_gm_kl06/units/ma-chambre/,2a23cd8ecdf04b5da01b398d69ef43e2,2026-08-21,d7abdcfe53999c5e
/track_gm_kl06/units/ma-famille-exam/,28dc9c9ab6b148aaaa15e6d7f4a0d298,2026-08-21,61bea096320ee3f0
/track_gm_kl06/units/ma-famille/,28d90bc5397040f7810b820383439c13,2026-08-21,ea86051f453ddc27
/track_gm_kl06/units/ma-journee-exam/,28f7cf0bfaeb4b83b4fe81b95652b927,2026-08-21,2ec49a5f1191738e
/track_gm_kl06/units/ma-journee/,28e5c97ec8fb46dba99023e6166e5619,2026-08-21,e3b0d073b856be9a
/track_gm_kl06/units/mes-loisirs-exam/,2a6d1449a84244148ed04c25947ac3e6,2026-08-21,6b48111ba2bb97e1
/track_gm_kl06/units/mes-loisirs/,2a494e88adf74dbb8d66ebdb6bbbbeed,2026-08-21,fdeed6aa8d3560b7
/track_gm_kl06/units/mon-ecole-exam/,28e3db50a6e5427997a53af9a4f577f7,2026-08-21,e8e68647fd5be5bd
/track_gm_kl06/units/mon-ecole/,28e22e581a474399ac126de180fd6101,2026-08-21,1cab719a85ab2161
/track_gm_kl06/units/salutations-et-prenoms-exam/,28d380a2bc4940d59e90022d21837e0b,2026-08-21,b5dee1f48ffe66b1
/track_gm_kl06/units/salutations-et-prenoms/,28c51b14611d4eb7aadb04eecf7f10ea,2026-08-21,60b50e8667aa2823
/track_gm_kl06/units/voyage-en-france-exam/,2a8357f6d23641beac8e2b06e46c47b0,2026-08-21,01277dcf8dca1f3d
/track_gm_kl06/units/voyage-en-france/,2a7a2712c0ad45e0aaf423542cb4907c,2026-08-21,6326a9d8b0898357
/track_gm_kl07/units/amis-et-conflits-exam/,2b4dfaa924114e719cebe99ed53dd002,2026-08-21,dc0194463e08c7be
/track_gm_kl07/units/amis-et-conflits/,2b40e0b531a140c38b546e2b2c0bda18,2026-08-21,a9986bd85f35ad4c
/track_gm_kl07/units/bilan-portrait-d-une-annee-exam/,2c2cd87f073641af9768d6978c5e148d,2026-08-21,2770d2f393262a07
/track_gm_kl07/units/bilan-portrait-d-une-annee/,2c207093fff14e2eacdaa7836fbd7566,2026-08-21,e5e5b13b49a85cb2
/track_gm_kl07/units/fete-d-anniversaire-exam/,2bea9220a8254d0eac7b2b53a444b39f,2026-08-21,d78e402418cdd998
/track_gm_kl07/units/fete-d-anniversaire/,2be291a3b9fd4e72a263115d0dd86ca8,2026-08-21,31e357bf410d75b0
/track_gm_kl07/units/le-quebec-exam/,2bbaba2a05e64898ad1fa4dc58bb65e1,2026-08-21,f9a9790969507108
/track_gm_kl07/units/le-quebec/,2bb3df2b8c1b4ecba14ef33dc51c40a0,2026-08-21,f485c3717b80afb3
/track_gm_kl07/units/les-repas-exam/,2b2ead359aff4e66a9f3a6add5314d08,2026-08-21,ff38886466944985
/track_gm_kl07/units/les-repas/,2b2689b78ce246e99c86011397c621a3,2026-08-21,408e70e28562c57d
/track_gm_kl07/units/les-transports-exam/,2b8efb61d5bb4c2983a644bebcdeb788,2026-08-21,33290ca8dccfa6f6
/track_gm_kl07/units/les-transports/,2b8a7685d2174a05850e9e597fd5c4e9,2026-08-21,39cc1b5661d6242c
/track_gm_kl07/units/ma-rentree-exam/,2af8614c0c844e32aea42748a3e02181,2026-08-21,c44b743054992505
/track_gm_kl07/units/ma-rentree/,2ad7dcf97ba5435290d16b55875198de,2026-08-21,4dd08bfbfa8e4ff7
/track_gm_kl07/units/mediation-de-base-exam/,2c18ad58edb040b98bdef0c312c968f8,2026-08-21,efedf11efa82dfab
/track_gm_kl07/units/mediation-de-base/,2c10613c65aa4895bc293d8c5732bf18,2026-08-21,40de61bf867f2a95
/track_gm_kl07/units/mon-quartier-exam/,2b20f45dd84c4abe88407dfffdb521d1,2026-08-21,467397cd6243a100
/track_gm_kl07/units/mon-quartier/,2b07ec00c17943ebba012fc821fb4e28,2026-08-21,d116a43f94a01e70
/track_gm_kl07/units/musique-et-clips-exam/,2c0d87ac0e1047ceb9e79c0f750f994a,2026-08-21,01da12aa6df1cdfd
/track_gm_kl07/units/musique-et-clips/,2c0b00ad370748b6a8ce86518ff2149a,2026-08-21,cae076e375154e54
/track_gm_kl07/units/raconter-le-week-end-exam/,2afbc53f81d74d6b8b1c7f575e71fd17,2026-08-21,fb36e35013df55d1
/track_gm_kl07/units/raconter-le-week-end/,2afa2b7e1d934c17ab686fdd4a176b72,2026-08-21,42a9b4a133d4ca23
/track_gm_kl07/units/vacances-en-famille-exam/,2ba75e9eee46450b81b1f1c09360b15a,2026-08-21,2fac59135a0a129e
/track_gm_kl07/units/vacances-en-famille/,2b9428905e6c47f1a3568903c1ee9cae,2026-08-21,c7b325dde4c81868
/track_gm_kl08/units/autour-de-la-planete-francophone-exam/,2ccc072dc75346598022eac0e98a14ff,2026-08-21,b85117909407ee0e
/track_gm_kl08/units/autour-de-la-planete-francophone/,2cbab0747e7f4990b89da2c4e46a7232,2026-08-21,f950ffaab09e793c
/track_gm_kl08/units/bilan-portrait-d-une-rencontre-exam/,2d802ca1b9874e7b94dea05f074fe41a,2026-08-21,738f83dbfe40af90
/track_gm_kl08/units/bilan-portrait-d-une-rencontre/,2d76d05a48ce45b3a7f8efd697e66c36,2026-08-21,9d78c676ff7544fe
/track_gm_kl08/units/cinema-quebecois-exam/,2d4f5ee4271f44c2b48119add0710f7c,2026-08-21,8e3a6f5e6159b504
/track_gm_kl08/units/cinema-quebecois/,2d37cb99a2a24175a031ebc52f43834b,2026-08-21,894a8e7344df51c9
/track_gm_kl08/units/correspondance-avec-montreal-exam/,2c852f6cf095441e991fbebdd397f75a,2026-08-21,7c202acde6acdceb
/track_gm_kl08/units/correspondance-avec-montreal/,2c5fd8b7b43d40a9b54e67ceaf81f43b,2026-08-21,7ece1e00868a634f
/track_gm_kl08/units/futurs-projets-exam/,2cd9f4e13af441b28dd692563efbecee,2026-08-21,47d26e1feb9d68e0
/track_gm_kl08/units/futurs-projets/,2cd7f2d63023444089d081b10fed872e,2026-08-21,8a70500992c8855f
/track_gm_kl08/units/mes-medias-preferes-exam/,2c9f2a62586f4d499a6722df45603486,2026-08-21,0aa99a293a3fa6e9
/track_gm_kl08/units/mes-medias-preferes/,2c8a013f5f2842189a8058530fcf96af,2026-08-21,abb082a4a1a28ab1
/track_gm_kl08/units/musiques-du-maghreb-exam/,2cfca18457ce4832b1067fe263528d9c,2026-08-21,4035d8439b56498f
/track_gm_kl08/units/musiques-du-maghreb/,2cfab95fb94346f2a39d7f7037df11b7,2026-08-21,481230b4eccd6338
/track_gm_kl08/units/sport-et-equipe-exam/,2d145412efb34007b1cc80574778c229,2026-08-21,d61372b31d08022b
/track_gm_kl08/units/sport-et-equipe/,2d10b580ba1a44a99cd1c11075084176,2026-08-21,4d06b07fe653f03d
/track_gm_kl08/units/sprachmittlung-de-fr-resume-exam/,2ceefb6645d5437d87ddfcbf9d625bea,2026-08-21,526d9f8f771e95d4
/track_gm_kl08/units/sprachmittlung-de-fr-resume/,2cee0756b51c447881e0cf4fb2ad5f32,2026-08-21,beaa38f4f0142ae6
/track_gm_kl08/units/stereotypes-et-prejuges-exam/,2d2e5c7c3baa4fef9c3d65b7b5ef28bd,2026-08-21,e9eba63d5edf1e6b
/track_gm_kl08/units/stereotypes-et-prejuges/,2d2cf003fb334dcd96a7c1b9f6a4209b,2026-08-21,2a8f84be819a2c8f
/track_gm_kl08/units/un-allemand-a-paris-exam/,2d1ab4cda3f44b8390d7335179c030f0,2026-08-21,722fb96daa68fc52
/track_gm_kl08/units/un-allemand-a-paris/,2d173fcb5bea4f8cbc968217a61af6a4,2026-08-21,3a96a1af462f3e01
/track_gm_kl08/units/un-projet-solidaire-exam/,2d75c1bc09aa44acb3fd5fd3f7e7c98d,2026-08-21,7fe0659317880c22
/track_gm_kl08/units/un-projet-solidaire/,2d5feea5516749f38183922b8a174e0c,2026-08-21,081becece458fe1f
/track_gm_kl09/units/argumenter-pour-contre-exam/,2e45f900dd5e446f8a8d6002f9da935e,2026-08-21,4ae938c501f92f88
/track_gm_kl09/units/argumenter-pour-contre/,2e332f8a71d541159f35e8a15bb97735,2026-08-21,4d3c5ff4d2469104
/track_gm_kl09/units/consommation-responsable-exam/,2eedc41392b14f6b81dba6ba36b41574,2026-08-21,3511bd6021321284
/track_gm_kl09/units/consommation-responsable/,2ed435d7246b4d4c9387457ebc756767,2026-08-21,82bbabf4c17b36fc
/track_gm_kl09/units/differences-culturelles-exam/,2ea37f13104845d3ad9519c74845bdb4,2026-08-21,d431077fafc07705
/track_gm_kl09/units/differences-culturelles/,2e9ba058210c47a5afdece47bf49fe84,2026-08-21,61478f8a2caec92b
/track_gm_kl09/units/ecologie-au-quotidien-exam/,2e31527170a9495f8e9a2b335877a2b5,2026-08-21,cf5b1e98d39b7c76
/track_gm_kl09/units/ecologie-au-quotidien/,2e1807a2c0c14311bcaeff4478e8d0b9,2026-08-21,e84539df0b2f5d3b
/track_gm_kl09/units/francais-au-travail-exam/,2ef752de69b94b71a8e538e742f7ac48,2026-08-21,45aeceeaa5df2643
/track_gm_kl09/units/francais-au-travail/,2eef60e9d8b54dac92ed63cde4abc105,2026-08-21,4900176fd478f7ab
/track_gm_kl09/units/harcelement-et-respect-exam/,2e93b7491c424a08ba1439693a91ee23,2026-08-21,8365f90a00fd4d27
/track_gm_kl09/units/harcelement-et-respect/,2e8350ade2ab4affade9ec52f9fed908,2026-08-21,cd03a5f49b14acf3
/track_gm_kl09/units/internet-et-vie-privee-exam/,2ec1e368c1424e158e69c3dd7c4fb395,2026-08-21,796a11a51a627961
/track_gm_kl09/units/internet-et-vie-privee/,2ec0ab6995d0405dac7040152346130c,2026-08-21,a96e698cbd994614
/track_gm_kl09/units/le-monde-du-travail-exam/,2dc6f34d06ae4cf2a339b77b93339555,2026-08-21,372ccc77036117c8
/track_gm_kl09/units/le-monde-du-travail/,2d9efd254a624164a84cbf62d12a81c3,2026-08-21,b948d41e5af034dd
/track_gm_kl09/units/lettre-de-motivation-exam/,2df593e8f9424e92ac46ea83310f2efe,2026-08-21,437d724019125043
/track_gm_kl09/units/lettre-de-motivation/,2de1880116d94255b076daf9c43b40d6,2026-08-21,0ef4427e4d1097a1
/track_gm_kl09/units/podcasts-en-francais-exam/,2e7d0210eb9c41c4969afc6339715cba,2026-08-21,e9104e354b2c806a
/track_gm_kl09/units/podcasts-en-francais/,2e72425156544419b79c860c5ed696a8,2026-08-21,3afd5730649f18cf
/track_gm_kl09/units/preparation-mittlere-reife-exam/,2f00ec4200644cd2b2266f1d74f01a06,2026-08-21,5f17298f3541d598
/track_gm_kl09/units/preparation-mittlere-reife/,2effee652d1f43dbb5d3088ab2cd1582,2026-08-21,18fee1a4e537d3ee
/track_gm_kl09/units/vivre-en-tunisie-exam/,2e4d7b9fff744438bb5d569d4fd39931,2026-08-21,1435f4597975f26a
/track_gm_kl09/units/vivre-en-tunisie/,2e4bfca5e91c499ba60408e1c9b890c3,2026-08-21,b94008ce005a5bbb
/track_gm_kl10/units/bilan-fin-de-mittlere-reife-exam/,3078ded4e55f4163acb391f664649a30,2026-08-21,b9daadb557b3a2a2
/track_gm_kl10/units/bilan-fin-de-mittlere-reife/,306d68df9c5541bdaea1cf6aeb0df111,2026-08-21,87a8f7f20d8fb441
/track_gm_kl10/units/engagement-citoyen-exam/,2fa9ff1e86c6434eaa1eda02fe139ce3,2026-08-21,083182d71035a1c9
/track_gm_kl10/units/engagement-citoyen/,2fa48f05cdf24373b0601de6ecd67d0a,2026-08-21,9134086031cd752b
/track_gm_kl10/units/francophonie-aujourd-hui-exam/,2f843897d8a54fdab5b75883e054423a,2026-08-21,f315638de22d544b
/track_gm_kl10/units/francophonie-aujourd-hui/,2f7b98b7fa1d4ae28451718dc2d4ba82,2026-08-21,9a2b801a13755035
/track_gm_kl10/units/litterature-de-jeunesse-exam/,2fefa9784e774db89543692102d877b1,2026-08-21,dab0e75cf7bb1d18
/track_gm_kl10/units/litterature-de-jeunesse/,2fe6a666eed842b5b9d4c8411d12bca3,2026-08-21,6a8055aecb2c23e4
/track_gm_kl10/units/mediation-avancee-exam/,2fa18330cb2341bbbeded08f4349a19d,2026-08-21,b25825d5d00e557d
/track_gm_kl10/units/mediation-avancee/,2f9d644f34654a6392bbe0260b2cba81,2026-08-21,03c4c70b138b32cf
/track_gm_kl10/units/mobilite-erasmus-jeune-exam/,303d88de19954ae8bb4a9fc288a37fee,2026-08-21,275febe66cadd41b
/track_gm_kl10/units/mobilite-erasmus-jeune/,3010a31425534cf4bc4194604450ae6b,2026-08-21,ee67653089ef8e9c
/track_gm_kl10/units/preparer-un-discours-exam/,305cf83b2f0a461aa1c7a3bafa693201,2026-08-21,93c4a2681ebaa653
/track_gm_kl10/units/preparer-un-discours/,3058d551812048e6be83734ba35f56bc,2026-08-21,fee069cd37c899ba
/track_gm_kl10/units/presse-francaise-exam/,2f693b9dbf584beabe5f1453b1cd9a5f,2026-08-21,7abf44b4c220fddf
/track_gm_kl10/units/presse-francaise/,2f5770bd0de140369701d47b52e631de,2026-08-21,64846f60325685bd
/track_gm_kl10/units/raconter-une-histoire-vraie-exam/,2f8e036396e8431a8b4336498e0c6c7f,2026-08-21,d95afd4eccb9d527
/track_gm_kl10/units/raconter-une-histoire-vraie/,2f8717b1a6a34013a3665cdd10195970,2026-08-21,a44824c545e80bbb
/track_gm_kl10/units/reseaux-sociaux-exam/,2fe28c4081fd46fa9ecbcc202cb88f55,2026-08-21,ac390d1f55798437
/track_gm_kl10/units/reseaux-sociaux/,2fd8af06ce924dafb03ffd16a0ed15c9,2026-08-21,7e80143d9b9f1d3a
/track_gm_kl10/units/transition-formation-emploi-exam/,2f2f160e167c4d5680fc2ec22415facb,2026-08-21,9e9239acca32eb5d
/track_gm_kl10/units/transition-formation-emploi/,2f139f63d98f4c90a37e3c130f154a18,2026-08-21,6d427cf992398547
/track_gm_kl10/units/vie-democratique-exam/,2f7856b037d54367bdc7ac19552cf777,2026-08-21,a51035ae8fc3390e
/track_gm_kl10/units/vie-democratique/,2f78091cc7e748629b8eda26247682e9,2026-08-21,5b5d3b040634f657
